Designator,Footprint,Quantity,Value,LCSC Part #
"C1, C2, C3, C4",0603,4,10n,
"C10, C11, C12, C13, C14, C16, C17, C18, C20, C5, C8",0603,11,100n,
C15,0603,1,10u,
"C19, C9",0603,2,1u,
C21,0603,1,2u2,
"C6, C7",0603,2,8p,
"D1, D2, D3, D4",0805,4,Red,
"F1, F2, F3",1206,3,Fuse,
"H1, H2, H3, H4",MountingHole_3.2mm_M3_DIN965_Pad,4,M3,
IC1,SOT-23,1,MCP1792T,
J1,PinHeader_1x04_P2.54mm_Vertical,1,SW,
"J10, J8, J9",2350513-2,3,2350513-2,
J11,USB_C_Receptacle_GCT_USB4105-xx-A_16P_TopMnt_Horizontal,1,USB4110-GF-A_REVB,
J12,PinHeader_1x03_P2.54mm_Vertical,1,POW_SEL,
J13,pawpad,1,PawPad_SWD,
J2,PinHeader_1x05_P2.54mm_Vertical,1,ENC,
"J3, J4, J5",PinHeader_1x09_P2.54mm_Vertical,3,Adafruit 4101,
J6,PinHeader_1x07_P2.54mm_Vertical,1,"GC9A01 1.28"" TFT",
J7,2350513-3,1,2350513-3,
P1,IRM015,1,~,
"Q1, Q2, Q3",SOT-23,3,IRLML2060,
"R1, R23, R24",0603,3,2k2,
"R10, R11",0603,2,5k1,
"R12, R15, R18, R26",0603,4,270,
"R13, R16, R19",0603,3,100,
"R14, R17, R2, R20, R3, R4, R5, R6, R7, R8, R9",0603,11,10k,
"R21, R22",0603,2,DNF,
R25,0603,1,1k,
"SW1, SW2",PTS636 SM25J SMTR LFS,2,DNF,
U1,SOT65P210X110-6N,1,USBUF02W6,
U2,SOIC-8_3.9x4.9mm_P1.27mm,1,W25Q16JV,
U3,SOIC-8_3.9x4.9mm_P1.27mm,1,FT24C04A,
U4,QFN-56-1EP_7x7mm_P0.4mm_EP3.2x3.2mm,1,RP2040,
Y1,Crystal_SMD_2520-4Pin_2.5x2.0mm,1,12MHz,
